"tree_species_uuid","tree_species_name","collection","speciesable_id","speciesable_type","project_uuid","project_name","framework_key"
c8f8fcb3-0f5b-481d-bb54-15933c05fb98,Micropygomyia paterna,tree-planted,22,App\Models\V2\Projects\Project,"3ca98137-ad7a-4849-bdf9-f1e6ccdfb40f",FONCET/Restauración en Áreas Naturales Protegidas,ppc
"73e6b95d-9993-4fd6-8625-053865fde419",Pinus oaxacana,tree-planted,26,App\Models\V2\Projects\Project,"5a49e268-80f8-4fe9-a802-c29ad5534629","WWF/RESTAURACIÓN DE PAISAJES EN LA SIERRA SUR, OAXACA",ppc
e5cde3c6-4035-4d5a-bba4-b574b5efcdf4,Quirisiña,tree-planted,27,App\Models\V2\Projects\Project,"2031d882-5d27-49b9-9cf1-efc5e486d1e1","UCIRI/Restauración ecológica y productiva de paisajes, con sistemas agroforestales de café y cacao bajo sombra, en Cerro de las Flores, Istmo, Oaxaca",ppc
"64ba6bee-190c-4711-b256-60ee4eca3957",Mixed Indigenous  species,tree-planted,56,App\Models\V2\Projects\Project,"3a860077-df4c-4e95-8fec-41520c551243",FairTree TZ Usambaras,terrafund
b81f3528-2cb6-4253-884a-58e59db0cc78,Other fruit and timber trees,tree-planted,66,App\Models\V2\Projects\Project,fdde47ac-770e-4b7b-861b-9e4520ba906c,BADILI: Building Agroforestry and Developing Independent Livelihoods in Iringa - Trees for the Future,terrafund
"23ab3599-6243-423d-9260-ac109e54557b",Tukumombo,tree-planted,96,App\Models\V2\Projects\Project,"128c2ac7-dd30-4093-a079-6e9111aa3351",Restauration et protection des forets communautaires et de la biodiversité par la plantation et gestion rationnelle d'arbres hôtes des chenilles comestibles par les jeunes et femmes autochtones en territoire de Mwenga au Sud Kivu - CCAO,terrafund
"2b9ce114-1761-4cc4-82f4-62ce05376028",Assorted fruits,tree-planted,111,App\Models\V2\Projects\Project,"5b6a5e11-03ae-4adc-b4ef-9bf4239aa705",REFORESTATION - Nsamizi (NTISD),terrafund
"40197a1b-069a-4557-a1cc-0e54b98740b9",Unidentified trees and shrubs,tree-planted,265,App\Models\V2\Projects\Project,a727d737-370f-4ac0-889c-88b7b190e4ff,Promoting biodiversity conservation and livelihood improvement of forest fringe communities in Bono Region of Ghana,terrafund-landscapes
"335e7be2-e673-4c3a-b14a-f2f2c62cb611",Marvel -Grass (Dichanthium annulatum),tree-planted,598,App\Models\V2\Projects\Project,"3e7143c5-e6fc-4cee-b482-075541fdc95f",Land Restoration Programme through capacitating Women Farmers in Tuljapur Block of Dharashiv District,hbf
fa6fb0e6-68d5-41ac-8485-3386d79b227d,Dinanath-Grass (Pennisetum pedicellatum),tree-planted,598,App\Models\V2\Projects\Project,"3e7143c5-e6fc-4cee-b482-075541fdc95f",Land Restoration Programme through capacitating Women Farmers in Tuljapur Block of Dharashiv District,hbf
"440af954-8421-4979-b05b-b86834668496",Bamboo (Bambusa vulgaris),tree-planted,598,App\Models\V2\Projects\Project,"3e7143c5-e6fc-4cee-b482-075541fdc95f",Land Restoration Programme through capacitating Women Farmers in Tuljapur Block of Dharashiv District,hbf
"38f2aa22-108c-491f-bb13-53ca60a95607",Mango - Mangifera Indica,tree-planted,598,App\Models\V2\Projects\Project,"3e7143c5-e6fc-4cee-b482-075541fdc95f",Land Restoration Programme through capacitating Women Farmers in Tuljapur Block of Dharashiv District,hbf
"58ae1233-3bf5-4589-b60b-86bd17d9d0c8",Neem-Azadirachta Indica,tree-planted,598,App\Models\V2\Projects\Project,"3e7143c5-e6fc-4cee-b482-075541fdc95f",Land Restoration Programme through capacitating Women Farmers in Tuljapur Block of Dharashiv District,hbf
bf2de197-45d7-43bd-b685-88b4156294a7,Guava - Psidium Guajava,tree-planted,598,App\Models\V2\Projects\Project,"3e7143c5-e6fc-4cee-b482-075541fdc95f",Land Restoration Programme through capacitating Women Farmers in Tuljapur Block of Dharashiv District,hbf
"36d311da-bccd-4550-beae-9c50f18934cb",Babool-Vachellia nilotica,tree-planted,598,App\Models\V2\Projects\Project,"3e7143c5-e6fc-4cee-b482-075541fdc95f",Land Restoration Programme through capacitating Women Farmers in Tuljapur Block of Dharashiv District,hbf
"8b7d7770-5a32-49b2-bd80-8f799a632b86",Khair-Acacia Catechu,tree-planted,598,App\Models\V2\Projects\Project,"3e7143c5-e6fc-4cee-b482-075541fdc95f",Land Restoration Programme through capacitating Women Farmers in Tuljapur Block of Dharashiv District,hbf
"6b6f2885-b602-450f-9536-39f7f1dbf02b",Hivar-Vachellia leucophloea,tree-planted,598,App\Models\V2\Projects\Project,"3e7143c5-e6fc-4cee-b482-075541fdc95f",Land Restoration Programme through capacitating Women Farmers in Tuljapur Block of Dharashiv District,hbf
"972b31eb-c707-4886-8612-a17fe096ed96",Sagwan - Tectona Grandis,tree-planted,598,App\Models\V2\Projects\Project,"3e7143c5-e6fc-4cee-b482-075541fdc95f",Land Restoration Programme through capacitating Women Farmers in Tuljapur Block of Dharashiv District,hbf
"9a9c9f6c-1b38-4238-b2ab-fe0cfa975c33",Hadga-Sesbania grandiflora,tree-planted,598,App\Models\V2\Projects\Project,"3e7143c5-e6fc-4cee-b482-075541fdc95f",Land Restoration Programme through capacitating Women Farmers in Tuljapur Block of Dharashiv District,hbf
"85eb569b-3de3-4e18-8ec3-e914ea47be1f",Apple Ber - Ziziphus mauritiana,tree-planted,598,App\Models\V2\Projects\Project,"3e7143c5-e6fc-4cee-b482-075541fdc95f",Land Restoration Programme through capacitating Women Farmers in Tuljapur Block of Dharashiv District,hbf
"91cde635-7b57-44d2-a21d-2c57d377c001",Karanj-Millettia pinnata,tree-planted,598,App\Models\V2\Projects\Project,"3e7143c5-e6fc-4cee-b482-075541fdc95f",Land Restoration Programme through capacitating Women Farmers in Tuljapur Block of Dharashiv District,hbf
caea5f8f-67bb-4ad3-b0ad-dd391f89b657,Drumstick-Moringa,tree-planted,598,App\Models\V2\Projects\Project,"3e7143c5-e6fc-4cee-b482-075541fdc95f",Land Restoration Programme through capacitating Women Farmers in Tuljapur Block of Dharashiv District,hbf
"2f2e9c2d-5550-49f8-93db-7a6b237a5a76",Mango(Amrapali),tree-planted,601,App\Models\V2\Projects\Project,"70b1d7ca-63a8-4c01-92a7-0e54ac5e79be",Sustaining Tribal Ecosystems: Greening 25 Villages in Sidhi District of Madhya Pradesh,hbf
"237388f1-7f9b-43bf-9847-196040729059",Aonla(N-7),tree-planted,601,App\Models\V2\Projects\Project,"70b1d7ca-63a8-4c01-92a7-0e54ac5e79be",Sustaining Tribal Ecosystems: Greening 25 Villages in Sidhi District of Madhya Pradesh,hbf
"11d22ec9-0b25-4aa8-a4ce-8d9099f27a9a",Mango(Dashahri) through convergence,tree-planted,601,App\Models\V2\Projects\Project,"70b1d7ca-63a8-4c01-92a7-0e54ac5e79be",Sustaining Tribal Ecosystems: Greening 25 Villages in Sidhi District of Madhya Pradesh,hbf
"742c128b-026d-4c28-b9ca-e4a5ba119d2a",Sagaun,tree-planted,601,App\Models\V2\Projects\Project,"70b1d7ca-63a8-4c01-92a7-0e54ac5e79be",Sustaining Tribal Ecosystems: Greening 25 Villages in Sidhi District of Madhya Pradesh,hbf
d065023f-72b9-44c1-97d0-019980c55304,Khamhar,tree-planted,601,App\Models\V2\Projects\Project,"70b1d7ca-63a8-4c01-92a7-0e54ac5e79be",Sustaining Tribal Ecosystems: Greening 25 Villages in Sidhi District of Madhya Pradesh,hbf
"9b5ac110-4a83-4d57-bf87-8896bf400706",Lemon( Kagzi),tree-planted,601,App\Models\V2\Projects\Project,"70b1d7ca-63a8-4c01-92a7-0e54ac5e79be",Sustaining Tribal Ecosystems: Greening 25 Villages in Sidhi District of Madhya Pradesh,hbf
"00850930-4262-4b0e-9514-19151802561b",Aonla (N-7) through convergence,tree-planted,601,App\Models\V2\Projects\Project,"70b1d7ca-63a8-4c01-92a7-0e54ac5e79be",Sustaining Tribal Ecosystems: Greening 25 Villages in Sidhi District of Madhya Pradesh,hbf
"12eb7519-1ace-44e6-8216-d67db51bbd10",Sagaun (through convergence),tree-planted,601,App\Models\V2\Projects\Project,"70b1d7ca-63a8-4c01-92a7-0e54ac5e79be",Sustaining Tribal Ecosystems: Greening 25 Villages in Sidhi District of Madhya Pradesh,hbf
c4c83fd4-9e8f-4162-9d61-d0df9f3bdf28,Arjun ( through convergence),tree-planted,601,App\Models\V2\Projects\Project,"70b1d7ca-63a8-4c01-92a7-0e54ac5e79be",Sustaining Tribal Ecosystems: Greening 25 Villages in Sidhi District of Madhya Pradesh,hbf
c7d7195f-1c37-4a23-8ed1-1a8f540ce39e,Drumstick (through convergence ),tree-planted,601,App\Models\V2\Projects\Project,"70b1d7ca-63a8-4c01-92a7-0e54ac5e79be",Sustaining Tribal Ecosystems: Greening 25 Villages in Sidhi District of Madhya Pradesh,hbf
cef2eceb-d557-4473-80be-55daca4ec127,Bamboo (through convergence),tree-planted,601,App\Models\V2\Projects\Project,"70b1d7ca-63a8-4c01-92a7-0e54ac5e79be",Sustaining Tribal Ecosystems: Greening 25 Villages in Sidhi District of Madhya Pradesh,hbf
"596e42ef-c48c-423a-b3a1-198438d8aa7a",Mango ( Indegenous through community Contribution),tree-planted,601,App\Models\V2\Projects\Project,"70b1d7ca-63a8-4c01-92a7-0e54ac5e79be",Sustaining Tribal Ecosystems: Greening 25 Villages in Sidhi District of Madhya Pradesh,hbf
"8e5e94c3-97b9-4fde-92c3-3858ddc06a16",Albizzia lebbeck,tree-planted,607,App\Models\V2\Projects\Project,"5c5d7aa8-034f-4501-943e-473c2098750b","Restoration of dalli lands in Raigad District, Maharashtra",hbf
"66f10d64-592f-4935-bfc1-3a3a2b6f1405",Ziziphus spp.,tree-planted,607,App\Models\V2\Projects\Project,"5c5d7aa8-034f-4501-943e-473c2098750b","Restoration of dalli lands in Raigad District, Maharashtra",hbf
"7b5913a9-891e-4b42-b0cb-f180f7932981",Bamboo,tree-planted,619,App\Models\V2\Projects\Project,"5e47b46c-108b-46b8-9597-fcab0a4bc1da",Building climate resilient farmlands and restoring the drylands of central Indian tribal belt through Sustainable Agriculture and Natural Resource Management,hbf
e49a9761-8830-414d-8420-2d7202d41ee3,Neem,tree-planted,619,App\Models\V2\Projects\Project,"5e47b46c-108b-46b8-9597-fcab0a4bc1da",Building climate resilient farmlands and restoring the drylands of central Indian tribal belt through Sustainable Agriculture and Natural Resource Management,hbf
b67c9344-fa1b-4690-9c75-21bfe986177d,Karanji,tree-planted,619,App\Models\V2\Projects\Project,"5e47b46c-108b-46b8-9597-fcab0a4bc1da",Building climate resilient farmlands and restoring the drylands of central Indian tribal belt through Sustainable Agriculture and Natural Resource Management,hbf
"86a6af9f-e8da-4aa9-ab43-4cbe7e1035ac",Arjun,tree-planted,619,App\Models\V2\Projects\Project,"5e47b46c-108b-46b8-9597-fcab0a4bc1da",Building climate resilient farmlands and restoring the drylands of central Indian tribal belt through Sustainable Agriculture and Natural Resource Management,hbf
"22d8220e-a0c1-43e7-b12c-a65b32d49b1d",Amaltas,tree-planted,619,App\Models\V2\Projects\Project,"5e47b46c-108b-46b8-9597-fcab0a4bc1da",Building climate resilient farmlands and restoring the drylands of central Indian tribal belt through Sustainable Agriculture and Natural Resource Management,hbf
"0b64a84c-38af-4419-b87f-16329997d4e0",Teak,tree-planted,619,App\Models\V2\Projects\Project,"5e47b46c-108b-46b8-9597-fcab0a4bc1da",Building climate resilient farmlands and restoring the drylands of central Indian tribal belt through Sustainable Agriculture and Natural Resource Management,hbf
"55ad6238-420e-4ab6-9047-d2697f0ceff8",Sheesam,tree-planted,619,App\Models\V2\Projects\Project,"5e47b46c-108b-46b8-9597-fcab0a4bc1da",Building climate resilient farmlands and restoring the drylands of central Indian tribal belt through Sustainable Agriculture and Natural Resource Management,hbf
"5a00e2c1-48a5-48fd-96a4-b43199eaef1f",Anvla,tree-planted,619,App\Models\V2\Projects\Project,"5e47b46c-108b-46b8-9597-fcab0a4bc1da",Building climate resilient farmlands and restoring the drylands of central Indian tribal belt through Sustainable Agriculture and Natural Resource Management,hbf
"273232a9-f308-4349-8c8f-1f1a071dd9ca",Jamun,tree-planted,619,App\Models\V2\Projects\Project,"5e47b46c-108b-46b8-9597-fcab0a4bc1da",Building climate resilient farmlands and restoring the drylands of central Indian tribal belt through Sustainable Agriculture and Natural Resource Management,hbf
"78e4498b-8625-4778-8d7f-37de478faacd",crhysopogan fulvus,tree-planted,624,App\Models\V2\Projects\Project,"2782c24d-2c66-4ff6-972d-ddefbd149365","Restoring Indian Savannah Grasslands for biodiversity conservation, sustainable livelihoods, and climate mitigation",hbf
"1b6f3f1b-fae7-4f7b-b23b-e5200da1b794",dicanthium annulatum,tree-planted,624,App\Models\V2\Projects\Project,"2782c24d-2c66-4ff6-972d-ddefbd149365","Restoring Indian Savannah Grasslands for biodiversity conservation, sustainable livelihoods, and climate mitigation",hbf
"48968bc2-1755-46ad-8ee0-722b2a2c65ba",dicanthium caricosum,tree-planted,624,App\Models\V2\Projects\Project,"2782c24d-2c66-4ff6-972d-ddefbd149365","Restoring Indian Savannah Grasslands for biodiversity conservation, sustainable livelihoods, and climate mitigation",hbf
"5dcc3752-409c-4c6e-a411-2f3894de5219",acacia lucophloea,tree-planted,624,App\Models\V2\Projects\Project,"2782c24d-2c66-4ff6-972d-ddefbd149365","Restoring Indian Savannah Grasslands for biodiversity conservation, sustainable livelihoods, and climate mitigation",hbf
"1c719e34-ecf9-4a39-896d-ba2101f5d17e",Awla,tree-planted,630,App\Models\V2\Projects\Project,"47cae4d8-8c14-4a21-8b07-f6fce9521655",Improving community livelihoods and nutrition through recovery of nature and landscape restoration approaches.,hbf
"3b6a3555-8931-4da6-bef6-9248da1b2077",Neem,tree-planted,630,App\Models\V2\Projects\Project,"47cae4d8-8c14-4a21-8b07-f6fce9521655",Improving community livelihoods and nutrition through recovery of nature and landscape restoration approaches.,hbf
"5c0cb643-ecb1-452c-8530-d36c3ed37b09",Custard Apple,tree-planted,630,App\Models\V2\Projects\Project,"47cae4d8-8c14-4a21-8b07-f6fce9521655",Improving community livelihoods and nutrition through recovery of nature and landscape restoration approaches.,hbf
a46be933-88b7-42f8-a9dc-0e6d7e335f6f,Drumstick,tree-planted,630,App\Models\V2\Projects\Project,"47cae4d8-8c14-4a21-8b07-f6fce9521655",Improving community livelihoods and nutrition through recovery of nature and landscape restoration approaches.,hbf
"6d185096-d4f7-4054-8137-9d80af4d224a",Jamun,tree-planted,630,App\Models\V2\Projects\Project,"47cae4d8-8c14-4a21-8b07-f6fce9521655",Improving community livelihoods and nutrition through recovery of nature and landscape restoration approaches.,hbf
"5d4341ba-4472-420f-9601-313a3e6c13a8",Guava,tree-planted,630,App\Models\V2\Projects\Project,"47cae4d8-8c14-4a21-8b07-f6fce9521655",Improving community livelihoods and nutrition through recovery of nature and landscape restoration approaches.,hbf
f2320b92-6668-4d81-8d40-4fe616e0ebf6,Karanj,tree-planted,630,App\Models\V2\Projects\Project,"47cae4d8-8c14-4a21-8b07-f6fce9521655",Improving community livelihoods and nutrition through recovery of nature and landscape restoration approaches.,hbf
"1155cf0f-f48f-4394-a1fc-0112c957e005",Harra,tree-planted,630,App\Models\V2\Projects\Project,"47cae4d8-8c14-4a21-8b07-f6fce9521655",Improving community livelihoods and nutrition through recovery of nature and landscape restoration approaches.,hbf
d3a8171b-209c-42cf-94be-ba5ec9030b2c,Baheda,tree-planted,630,App\Models\V2\Projects\Project,"47cae4d8-8c14-4a21-8b07-f6fce9521655",Improving community livelihoods and nutrition through recovery of nature and landscape restoration approaches.,hbf
f3fd5dee-aa50-4675-8339-b64cb7d61c3d,Arjun,tree-planted,630,App\Models\V2\Projects\Project,"47cae4d8-8c14-4a21-8b07-f6fce9521655",Improving community livelihoods and nutrition through recovery of nature and landscape restoration approaches.,hbf
feb458bd-df4a-41ca-a64f-7eb614f76685,"1. Artocarpus heterophyllus Lam (Jackfruit)",tree-planted,637,App\Models\V2\Projects\Project,"40a30ab0-afc7-478f-ae07-0ef6b2a4c0ff","Landscape Restoration through Forest Products based Value Chain and Market System Development: An Initiative of Achieving Environmental,  Social and Economic (ESE) Development Goals in Synergetic Manner  in Sidhi District of Madhya Pradesh",hbf
b3917714-664f-457f-bb95-2f3aac4850ba,"2. Bambusa vulgaris (Bamboo)",tree-planted,637,App\Models\V2\Projects\Project,"40a30ab0-afc7-478f-ae07-0ef6b2a4c0ff","Landscape Restoration through Forest Products based Value Chain and Market System Development: An Initiative of Achieving Environmental,  Social and Economic (ESE) Development Goals in Synergetic Manner  in Sidhi District of Madhya Pradesh",hbf
"1a93ce21-b9f4-4cce-ae0d-a39c7979956c","3. Madhuca longifolia (Mahua)",tree-planted,637,App\Models\V2\Projects\Project,"40a30ab0-afc7-478f-ae07-0ef6b2a4c0ff","Landscape Restoration through Forest Products based Value Chain and Market System Development: An Initiative of Achieving Environmental,  Social and Economic (ESE) Development Goals in Synergetic Manner  in Sidhi District of Madhya Pradesh",hbf
"50f6c4bd-8dae-4b2e-bde9-f43715ba67ee",Asparagus racemosus,tree-planted,641,App\Models\V2\Projects\Project,a1062d22-dea2-4bb1-a1ce-f42cdfa5bdfb,Gender Equality and Sustainability in Collection of Minor Forest Produce,hbf
"4e201d40-c5f1-4054-b8c8-e795e58a3199",TERMINALIA BELLIRICA,tree-planted,641,App\Models\V2\Projects\Project,a1062d22-dea2-4bb1-a1ce-f42cdfa5bdfb,Gender Equality and Sustainability in Collection of Minor Forest Produce,hbf
a49fa43f-8743-43ef-b220-773f5deb63e2,Pongamia pinnata (Karanj),tree-planted,643,App\Models\V2\Projects\Project,"295c1e3f-346e-4c31-8696-a124d1e1fa9a","Restoration of Riparian Areas of Narmada River Basin of Narmadapuram District, Madhya Pradesh.",hbf
d6e83b79-8207-4d6b-92df-a09bdd3eb18c,Syzygium cumini (Jamun),tree-planted,643,App\Models\V2\Projects\Project,"295c1e3f-346e-4c31-8696-a124d1e1fa9a","Restoration of Riparian Areas of Narmada River Basin of Narmadapuram District, Madhya Pradesh.",hbf
"8cafd61c-fadb-4af2-8ce4-2624bc895ef1",Mangifera indica (Mango),tree-planted,643,App\Models\V2\Projects\Project,"295c1e3f-346e-4c31-8696-a124d1e1fa9a","Restoration of Riparian Areas of Narmada River Basin of Narmadapuram District, Madhya Pradesh.",hbf
"7e92c547-a368-4805-b721-8c8a1255e717",Tamarindus indica (Imli),tree-planted,643,App\Models\V2\Projects\Project,"295c1e3f-346e-4c31-8696-a124d1e1fa9a","Restoration of Riparian Areas of Narmada River Basin of Narmadapuram District, Madhya Pradesh.",hbf
"9b1309e2-c567-4de1-b7ed-7d7881f80fae",Bambusa bambos (Bamboo),tree-planted,643,App\Models\V2\Projects\Project,"295c1e3f-346e-4c31-8696-a124d1e1fa9a","Restoration of Riparian Areas of Narmada River Basin of Narmadapuram District, Madhya Pradesh.",hbf
"633bb728-cc78-46cb-b8af-620e889a2a09",Albizia odoratissima (Siris),tree-planted,643,App\Models\V2\Projects\Project,"295c1e3f-346e-4c31-8696-a124d1e1fa9a","Restoration of Riparian Areas of Narmada River Basin of Narmadapuram District, Madhya Pradesh.",hbf
"2caa4856-0b12-45e7-aa9a-56a793cc275f",Dalbergia sisoo (Sisoo),tree-planted,643,App\Models\V2\Projects\Project,"295c1e3f-346e-4c31-8696-a124d1e1fa9a","Restoration of Riparian Areas of Narmada River Basin of Narmadapuram District, Madhya Pradesh.",hbf
"2a34dd6c-d553-4fff-8e63-63f26039708c",Aegle marmelous (Bel),tree-planted,643,App\Models\V2\Projects\Project,"295c1e3f-346e-4c31-8696-a124d1e1fa9a","Restoration of Riparian Areas of Narmada River Basin of Narmadapuram District, Madhya Pradesh.",hbf
"38fccb23-f6fc-4d7f-993d-b8ee3644f05c",Pterocarpus marsupium (Bija),tree-planted,643,App\Models\V2\Projects\Project,"295c1e3f-346e-4c31-8696-a124d1e1fa9a","Restoration of Riparian Areas of Narmada River Basin of Narmadapuram District, Madhya Pradesh.",hbf
ef82a658-22d3-4a2c-ac6b-082e663d8341,Azadirachta indica (Neem),tree-planted,643,App\Models\V2\Projects\Project,"295c1e3f-346e-4c31-8696-a124d1e1fa9a","Restoration of Riparian Areas of Narmada River Basin of Narmadapuram District, Madhya Pradesh.",hbf
"7bf12bb4-8b00-4cd9-9066-70df92155e72",Sapindus trifoliatus (Ritha),tree-planted,643,App\Models\V2\Projects\Project,"295c1e3f-346e-4c31-8696-a124d1e1fa9a","Restoration of Riparian Areas of Narmada River Basin of Narmadapuram District, Madhya Pradesh.",hbf
c7cb52bc-5088-41e0-9beb-fbff44cc724d,Schleichera oleosa (Kusum),tree-planted,643,App\Models\V2\Projects\Project,"295c1e3f-346e-4c31-8696-a124d1e1fa9a","Restoration of Riparian Areas of Narmada River Basin of Narmadapuram District, Madhya Pradesh.",hbf
e6c06e88-4242-4afa-a4ca-2b74884a9e3c,Artocarpus heterophyllus (Jack fruit),tree-planted,643,App\Models\V2\Projects\Project,"295c1e3f-346e-4c31-8696-a124d1e1fa9a","Restoration of Riparian Areas of Narmada River Basin of Narmadapuram District, Madhya Pradesh.",hbf
f0ce79ee-1d9a-4045-859d-88da48c43084,Annona reticulata (Custard apple),tree-planted,643,App\Models\V2\Projects\Project,"295c1e3f-346e-4c31-8696-a124d1e1fa9a","Restoration of Riparian Areas of Narmada River Basin of Narmadapuram District, Madhya Pradesh.",hbf
b6346904-7c2a-41e7-b9e1-7c1b25f1510a,Moringa oleifera (Drumstick),tree-planted,643,App\Models\V2\Projects\Project,"295c1e3f-346e-4c31-8696-a124d1e1fa9a","Restoration of Riparian Areas of Narmada River Basin of Narmadapuram District, Madhya Pradesh.",hbf
b38f2caa-28c5-4997-b4a4-7e0f388ac602,Citrus limon (Lemon),tree-planted,643,App\Models\V2\Projects\Project,"295c1e3f-346e-4c31-8696-a124d1e1fa9a","Restoration of Riparian Areas of Narmada River Basin of Narmadapuram District, Madhya Pradesh.",hbf
"52348ba0-9af1-4345-a3e0-8401d35f9d15",Psidium guajava (Guava),tree-planted,643,App\Models\V2\Projects\Project,"295c1e3f-346e-4c31-8696-a124d1e1fa9a","Restoration of Riparian Areas of Narmada River Basin of Narmadapuram District, Madhya Pradesh.",hbf
ef62fbe8-98f3-42b3-a80e-cc56da60eeae,Nimbu (Citrus Limon),tree-planted,646,App\Models\V2\Projects\Project,"62307835-9f07-41e0-a647-8df379d878c7",Empowering Communities and Sustainable Landscape,hbf
c2656fc9-b26d-420c-ad7d-cb58f66e95ea,Neem (Azadirachta indica),tree-planted,646,App\Models\V2\Projects\Project,"62307835-9f07-41e0-a647-8df379d878c7",Empowering Communities and Sustainable Landscape,hbf
"717bb383-811e-4173-9be5-198109b950dc",Karanj (Pongamia Pinnata),tree-planted,646,App\Models\V2\Projects\Project,"62307835-9f07-41e0-a647-8df379d878c7",Empowering Communities and Sustainable Landscape,hbf
"64b1c21c-c9d9-4f24-9832-0a4f4908ce2c",Custard Apple (Annona cherimola),tree-planted,646,App\Models\V2\Projects\Project,"62307835-9f07-41e0-a647-8df379d878c7",Empowering Communities and Sustainable Landscape,hbf
"60a1e574-a4cf-4610-bc43-af9c0911042d",Papaya (Carica papaya),tree-planted,646,App\Models\V2\Projects\Project,"62307835-9f07-41e0-a647-8df379d878c7",Empowering Communities and Sustainable Landscape,hbf
"0f2c28ad-2a24-4700-89e8-e5cc9fc8a714",Salai (Boswellia Serrata),tree-planted,646,App\Models\V2\Projects\Project,"62307835-9f07-41e0-a647-8df379d878c7",Empowering Communities and Sustainable Landscape,hbf
c0f9e9e1-aa7a-4f7c-892c-8c5eb8c26981,Mango (Mangifera indica),tree-planted,646,App\Models\V2\Projects\Project,"62307835-9f07-41e0-a647-8df379d878c7",Empowering Communities and Sustainable Landscape,hbf
af48d9bf-91a5-4277-889b-d51f60f330e8,Chirol (Alizia Pinnata),tree-planted,646,App\Models\V2\Projects\Project,"62307835-9f07-41e0-a647-8df379d878c7",Empowering Communities and Sustainable Landscape,hbf
"1d969f87-0fe6-40bd-9b70-1eb078bc49f3",jackfruit,tree-planted,646,App\Models\V2\Projects\Project,"62307835-9f07-41e0-a647-8df379d878c7",Empowering Communities and Sustainable Landscape,hbf
"7165fc24-828e-4030-ac53-7a24568dc916",Sagon (Tectona Grandis),tree-planted,646,App\Models\V2\Projects\Project,"62307835-9f07-41e0-a647-8df379d878c7",Empowering Communities and Sustainable Landscape,hbf
ea12606e-b144-443a-b3c6-150b2813016d,Sisham (Dalbergia sissoo),tree-planted,646,App\Models\V2\Projects\Project,"62307835-9f07-41e0-a647-8df379d878c7",Empowering Communities and Sustainable Landscape,hbf
"687abad3-c57f-46bb-9787-9efb712246b3",chiku (Manil Kara Zapota),tree-planted,646,App\Models\V2\Projects\Project,"62307835-9f07-41e0-a647-8df379d878c7",Empowering Communities and Sustainable Landscape,hbf
"63556e25-0123-4bbf-aa98-0a30b67b071d",Amrud (Psidium Guajava),tree-planted,646,App\Models\V2\Projects\Project,"62307835-9f07-41e0-a647-8df379d878c7",Empowering Communities and Sustainable Landscape,hbf
c6191978-428d-47f3-8030-5fbb08039b9f,Mango,tree-planted,661,App\Models\V2\Projects\Project,d68a9493-cc48-4d4e-8305-4e643469c5a8,Green Horizon: A Carbon Sequestration Initiative through Nature Based Solutions in Bundelkhand Region of Madhya Pradesh.,hbf
"12e99c30-cbca-486c-8ff5-de5e40a45ae1",Guava,tree-planted,661,App\Models\V2\Projects\Project,d68a9493-cc48-4d4e-8305-4e643469c5a8,Green Horizon: A Carbon Sequestration Initiative through Nature Based Solutions in Bundelkhand Region of Madhya Pradesh.,hbf
"4dbd252c-7b3b-4d4d-8ea3-8fed344fffd8",Indian Gooseberry,tree-planted,661,App\Models\V2\Projects\Project,d68a9493-cc48-4d4e-8305-4e643469c5a8,Green Horizon: A Carbon Sequestration Initiative through Nature Based Solutions in Bundelkhand Region of Madhya Pradesh.,hbf
aa6dc4c7-a467-4235-8e7a-726bddeb3071,Chironji,tree-planted,661,App\Models\V2\Projects\Project,d68a9493-cc48-4d4e-8305-4e643469c5a8,Green Horizon: A Carbon Sequestration Initiative through Nature Based Solutions in Bundelkhand Region of Madhya Pradesh.,hbf
"5907a170-84b9-4493-bea8-37b579624a72",Teak,tree-planted,661,App\Models\V2\Projects\Project,d68a9493-cc48-4d4e-8305-4e643469c5a8,Green Horizon: A Carbon Sequestration Initiative through Nature Based Solutions in Bundelkhand Region of Madhya Pradesh.,hbf
"28c4ec19-1d2d-491d-9672-4f2648693611",Seasame,tree-planted,661,App\Models\V2\Projects\Project,d68a9493-cc48-4d4e-8305-4e643469c5a8,Green Horizon: A Carbon Sequestration Initiative through Nature Based Solutions in Bundelkhand Region of Madhya Pradesh.,hbf
f8b3067f-8345-4aeb-a8fc-91726ab9e293,Khameer,tree-planted,661,App\Models\V2\Projects\Project,d68a9493-cc48-4d4e-8305-4e643469c5a8,Green Horizon: A Carbon Sequestration Initiative through Nature Based Solutions in Bundelkhand Region of Madhya Pradesh.,hbf
"70ca9a15-7b6c-4780-95ae-dcdeedbb804f",Schinus tereninthifolius,tree-planted,703,App\Models\V2\Projects\Project,"956f88c2-e01f-4688-a523-550ff9a8d7fc",MVGI - Flagship,ppc
ec659dc0-dfe3-4fa7-a65b-a6a03ae26316,Teak,tree-planted,760,App\Models\V2\Projects\Project,"37bdbfb3-31c0-4173-93de-68f0c1c5b833",RESTORATION OF 20HA DEGRADED LAND AT ODUMASE IN THE KWAHU AFRAM PLAINS SOUTH DISTRICT,epa-ghana-pilot
d4247217-13b5-466e-bf0a-41779e8203cd,Mahogany,tree-planted,760,App\Models\V2\Projects\Project,"37bdbfb3-31c0-4173-93de-68f0c1c5b833",RESTORATION OF 20HA DEGRADED LAND AT ODUMASE IN THE KWAHU AFRAM PLAINS SOUTH DISTRICT,epa-ghana-pilot
"37b13e9a-194a-4efa-98b5-704e5728828c",Oil Palm,tree-planted,760,App\Models\V2\Projects\Project,"37bdbfb3-31c0-4173-93de-68f0c1c5b833",RESTORATION OF 20HA DEGRADED LAND AT ODUMASE IN THE KWAHU AFRAM PLAINS SOUTH DISTRICT,epa-ghana-pilot
"2ab993e7-91c3-49a6-a938-f9a2038b9afe",cecropia spp,tree-planted,765,App\Models\V2\Projects\Project,"1673d710-ea25-46e0-b793-d0afbd54d00c",Polímata - Flagship,ppc
bec3ba41-4425-47b7-bb51-e062ab228bae,Miconia spp,tree-planted,765,App\Models\V2\Projects\Project,"1673d710-ea25-46e0-b793-d0afbd54d00c",Polímata - Flagship,ppc
"5d73ae99-02e2-4832-8113-f113c3ea941f",Shizolobium parahybym,tree-planted,765,App\Models\V2\Projects\Project,"1673d710-ea25-46e0-b793-d0afbd54d00c",Polímata - Flagship,ppc
c474421e-c568-41af-a3a5-71ef24e467df,Rapanea spp,tree-planted,765,App\Models\V2\Projects\Project,"1673d710-ea25-46e0-b793-d0afbd54d00c",Polímata - Flagship,ppc
"44a2b037-c912-43ff-9136-ae0ebfe669e1",Vismia spp,tree-planted,765,App\Models\V2\Projects\Project,"1673d710-ea25-46e0-b793-d0afbd54d00c",Polímata - Flagship,ppc
ec910304-24da-40e6-8a7d-46d739b574ee,Shinus terebentifolius,tree-planted,765,App\Models\V2\Projects\Project,"1673d710-ea25-46e0-b793-d0afbd54d00c",Polímata - Flagship,ppc
"6d09f86b-bac6-45ee-99aa-4ee9cc47fcb4",Dictyoloma vandelianum,tree-planted,765,App\Models\V2\Projects\Project,"1673d710-ea25-46e0-b793-d0afbd54d00c",Polímata - Flagship,ppc
"3f48696c-ab95-4533-8d7a-494c9286ea24",Cupania spp,tree-planted,765,App\Models\V2\Projects\Project,"1673d710-ea25-46e0-b793-d0afbd54d00c",Polímata - Flagship,ppc
"2e4aef98-a64a-4ccf-aaa7-799d6f05fe0f",Sheflera morototoni,tree-planted,765,App\Models\V2\Projects\Project,"1673d710-ea25-46e0-b793-d0afbd54d00c",Polímata - Flagship,ppc
b5f2bd6d-6e90-4ed6-9c40-b369bd33409d,Alchornes iricurana,tree-planted,765,App\Models\V2\Projects\Project,"1673d710-ea25-46e0-b793-d0afbd54d00c",Polímata - Flagship,ppc
"1153d5ec-1b51-4a1a-ad36-01b29f184958",Senna macrenthera,tree-planted,765,App\Models\V2\Projects\Project,"1673d710-ea25-46e0-b793-d0afbd54d00c",Polímata - Flagship,ppc
e6dd6138-2c22-4f80-94dd-760da46412ff,Peltophoru dubium,tree-planted,765,App\Models\V2\Projects\Project,"1673d710-ea25-46e0-b793-d0afbd54d00c",Polímata - Flagship,ppc
"46de68cf-cbfa-487a-b21d-eb9b2aa20590",Bowdichia virgiloides,tree-planted,765,App\Models\V2\Projects\Project,"1673d710-ea25-46e0-b793-d0afbd54d00c",Polímata - Flagship,ppc
"23faba0e-7433-47ea-81ae-f30f05165ced",Vochysua spp,tree-planted,765,App\Models\V2\Projects\Project,"1673d710-ea25-46e0-b793-d0afbd54d00c",Polímata - Flagship,ppc
c17912f5-f170-48fb-9c2f-cafd6658b6c8,lecythis pisonis,tree-planted,765,App\Models\V2\Projects\Project,"1673d710-ea25-46e0-b793-d0afbd54d00c",Polímata - Flagship,ppc
b7ea9052-ba84-4c3d-9eca-7e1ee7d93103,Cariniana spp,tree-planted,765,App\Models\V2\Projects\Project,"1673d710-ea25-46e0-b793-d0afbd54d00c",Polímata - Flagship,ppc
"6646e5c4-023a-46db-bebc-fbaa42df59de",Manikara app,tree-planted,765,App\Models\V2\Projects\Project,"1673d710-ea25-46e0-b793-d0afbd54d00c",Polímata - Flagship,ppc
"580b6f2f-da04-4edf-8d2f-90add41e370e",Slonea guianensis,tree-planted,765,App\Models\V2\Projects\Project,"1673d710-ea25-46e0-b793-d0afbd54d00c",Polímata - Flagship,ppc
"67259a56-d9b4-4b3e-8e68-cc32077e5d5c",Cedrella fissilis,tree-planted,765,App\Models\V2\Projects\Project,"1673d710-ea25-46e0-b793-d0afbd54d00c",Polímata - Flagship,ppc
"9a51d161-d79b-4549-95c9-6bffd8fbc023",Cedrella odoratta,tree-planted,765,App\Models\V2\Projects\Project,"1673d710-ea25-46e0-b793-d0afbd54d00c",Polímata - Flagship,ppc
"76e9fb3c-e3ce-46d6-bf52-72d4cec88c45",Inga spp,tree-planted,765,App\Models\V2\Projects\Project,"1673d710-ea25-46e0-b793-d0afbd54d00c",Polímata - Flagship,ppc
fbfb3001-a597-4d29-9663-2a426bba421a,Celophyllum brasiliense,tree-planted,765,App\Models\V2\Projects\Project,"1673d710-ea25-46e0-b793-d0afbd54d00c",Polímata - Flagship,ppc
d3ba6bf6-8d6f-41f2-9bbf-f566cdc41c8b,Acnistus arborescens,tree-planted,765,App\Models\V2\Projects\Project,"1673d710-ea25-46e0-b793-d0afbd54d00c",Polímata - Flagship,ppc
bc1907fd-e7d8-4c0d-8b08-022597685b0b,Aegiphila sellowiana Cham.,tree-planted,765,App\Models\V2\Projects\Project,"1673d710-ea25-46e0-b793-d0afbd54d00c",Polímata - Flagship,ppc
"8932ea41-160f-4fbf-8dbb-6c458665fcb8",Anadenanthera colubrina (Vell.) Brenan,tree-planted,765,App\Models\V2\Projects\Project,"1673d710-ea25-46e0-b793-d0afbd54d00c",Polímata - Flagship,ppc
"52b1cb77-d7ed-4411-b3de-ae093dcb4216",Annona dolabripetala Raddi,tree-planted,765,App\Models\V2\Projects\Project,"1673d710-ea25-46e0-b793-d0afbd54d00c",Polímata - Flagship,ppc
"6035c351-f9ac-48a0-9917-27ef3f29cbb4",Apeiba tibourbou Aubl.,tree-planted,765,App\Models\V2\Projects\Project,"1673d710-ea25-46e0-b793-d0afbd54d00c",Polímata - Flagship,ppc
ddc328f9-48ef-4aae-8b89-4ad09e454a40,Apuleia leiocarpa (Vogel) J.F.Macbr.,tree-planted,765,App\Models\V2\Projects\Project,"1673d710-ea25-46e0-b793-d0afbd54d00c",Polímata - Flagship,ppc
"8bb0de93-c351-4c6e-a424-7b29f773b98f",Astronium graveolens Jacq.,tree-planted,765,App\Models\V2\Projects\Project,"1673d710-ea25-46e0-b793-d0afbd54d00c",Polímata - Flagship,ppc
e20c54b2-2345-45b1-842b-0d767639c5dc,Astronium urundeuva Engl.,tree-planted,765,App\Models\V2\Projects\Project,"1673d710-ea25-46e0-b793-d0afbd54d00c",Polímata - Flagship,ppc
"8cb422bc-b38c-4681-a940-fa16923368f5",Bauhinia longifolia (Bong.) Steud.,tree-planted,765,App\Models\V2\Projects\Project,"1673d710-ea25-46e0-b793-d0afbd54d00c",Polímata - Flagship,ppc
"9b433842-c748-40f0-8e75-249b13193283",Bixa orellana L.,tree-planted,765,App\Models\V2\Projects\Project,"1673d710-ea25-46e0-b793-d0afbd54d00c",Polímata - Flagship,ppc
a780d73c-ebd7-4010-993a-7bda0d0fd335,Bowdichia virgilioides Kunth,tree-planted,765,App\Models\V2\Projects\Project,"1673d710-ea25-46e0-b793-d0afbd54d00c",Polímata - Flagship,ppc
"4d587266-5dbf-45c2-ab07-c917ac652024",Byrsonima sericea DC,tree-planted,765,App\Models\V2\Projects\Project,"1673d710-ea25-46e0-b793-d0afbd54d00c",Polímata - Flagship,ppc
"5f72fa26-6291-45ec-8323-cacacee48566",Carpotroche brasiliensis (Raddi) A Gray,tree-planted,765,App\Models\V2\Projects\Project,"1673d710-ea25-46e0-b793-d0afbd54d00c",Polímata - Flagship,ppc
"7c296d4b-b4c4-4944-bff2-3e79d91ed413",Celtis iguanaea (Jacq.) Sarg.,tree-planted,765,App\Models\V2\Projects\Project,"1673d710-ea25-46e0-b793-d0afbd54d00c",Polímata - Flagship,ppc
"87ee2f56-b123-4516-8c39-ebdc90ec3493",Colubrina glandulosa Perkins,tree-planted,765,App\Models\V2\Projects\Project,"1673d710-ea25-46e0-b793-d0afbd54d00c",Polímata - Flagship,ppc
ce72dfed-88ab-44ed-b1d9-eeef5fef56e0,Copaifera langsdorffii Desf,tree-planted,765,App\Models\V2\Projects\Project,"1673d710-ea25-46e0-b793-d0afbd54d00c",Polímata - Flagship,ppc
"777fdfcd-0d7e-49cd-93b8-ef4e0b9d0c79",Cordia sellowiana Cham.,tree-planted,765,App\Models\V2\Projects\Project,"1673d710-ea25-46e0-b793-d0afbd54d00c",Polímata - Flagship,ppc
bb6e1ee4-ff18-4a7e-bb65-202b5a27c579,Croton floribundusSpreng.,tree-planted,765,App\Models\V2\Projects\Project,"1673d710-ea25-46e0-b793-d0afbd54d00c",Polímata - Flagship,ppc
b04df10d-6524-4927-977d-355b087931d7,Croton urucurana Baill.,tree-planted,765,App\Models\V2\Projects\Project,"1673d710-ea25-46e0-b793-d0afbd54d00c",Polímata - Flagship,ppc
"83d34be0-35e6-4b70-9614-dd8a47b760a2",Cupania vernalis Camb.,tree-planted,765,App\Models\V2\Projects\Project,"1673d710-ea25-46e0-b793-d0afbd54d00c",Polímata - Flagship,ppc
dd59dc20-6719-4128-b8a5-49c36b46ea40,Enterolobium contortisiliquum (Vell.) Morong,tree-planted,765,App\Models\V2\Projects\Project,"1673d710-ea25-46e0-b793-d0afbd54d00c",Polímata - Flagship,ppc
b0de1b61-4345-42e1-b849-3e4d8a61f125,Cytharexyllum myrianthum Cham.,tree-planted,765,App\Models\V2\Projects\Project,"1673d710-ea25-46e0-b793-d0afbd54d00c",Polímata - Flagship,ppc
"5720237b-0a93-4eb4-acff-8377c21e752a",Dalbergia nigra (Vell.) Allemão ex Benth.,tree-planted,765,App\Models\V2\Projects\Project,"1673d710-ea25-46e0-b793-d0afbd54d00c",Polímata - Flagship,ppc
"6384d2a0-be0f-4ea6-a3dc-c5e84137da50",Dictyoloma vandellianum A.Juss.,tree-planted,765,App\Models\V2\Projects\Project,"1673d710-ea25-46e0-b793-d0afbd54d00c",Polímata - Flagship,ppc
f12ac6cc-0f18-413f-a82f-087a976c6308,Erythrina speciosa Andrews,tree-planted,765,App\Models\V2\Projects\Project,"1673d710-ea25-46e0-b793-d0afbd54d00c",Polímata - Flagship,ppc
fe6e7a28-7713-42b8-ab2f-e4b9271ee670,Enterolobium glaziovii Benth.,tree-planted,765,App\Models\V2\Projects\Project,"1673d710-ea25-46e0-b793-d0afbd54d00c",Polímata - Flagship,ppc
b12b3b4b-f5e3-44dd-8473-017cb972332e,Eschweilera ovata (Cambess.) Mart. ex Miers,tree-planted,765,App\Models\V2\Projects\Project,"1673d710-ea25-46e0-b793-d0afbd54d00c",Polímata - Flagship,ppc
"299a16eb-78a5-4640-b78d-a39d9e4158ad",Genipa americana L.,tree-planted,765,App\Models\V2\Projects\Project,"1673d710-ea25-46e0-b793-d0afbd54d00c",Polímata - Flagship,ppc
"7bcbdcd2-4681-477f-80bf-dec88b8f3a59",Guatteria australis A.St.-Hil.,tree-planted,765,App\Models\V2\Projects\Project,"1673d710-ea25-46e0-b793-d0afbd54d00c",Polímata - Flagship,ppc
f680c01d-9caa-483d-9933-4c78c5c531d0,Guazuma ulmifolia Lam.,tree-planted,765,App\Models\V2\Projects\Project,"1673d710-ea25-46e0-b793-d0afbd54d00c",Polímata - Flagship,ppc
a99cd29f-8cc2-4f1e-bab0-992a71d6c1c9,Handroanthus impetiginosus (Mart. ex DC.) Mattos,tree-planted,765,App\Models\V2\Projects\Project,"1673d710-ea25-46e0-b793-d0afbd54d00c",Polímata - Flagship,ppc
a9f9f3d6-e830-4684-a930-e2be49e97897,Handroanthus serratifolius (Vahl) S.Grose,tree-planted,765,App\Models\V2\Projects\Project,"1673d710-ea25-46e0-b793-d0afbd54d00c",Polímata - Flagship,ppc
"39042e30-4542-457a-bd2f-19f18e406531",Hymenaea courbaril L.,tree-planted,765,App\Models\V2\Projects\Project,"1673d710-ea25-46e0-b793-d0afbd54d00c",Polímata - Flagship,ppc
c3b6063e-61d1-490c-8e82-0d5ffc09c684,Inga edulis Mart,tree-planted,765,App\Models\V2\Projects\Project,"1673d710-ea25-46e0-b793-d0afbd54d00c",Polímata - Flagship,ppc
"692d0b28-c063-4d7c-9f12-67a28bd2a2e9",Inga laurina (Sw.) Willd.,tree-planted,765,App\Models\V2\Projects\Project,"1673d710-ea25-46e0-b793-d0afbd54d00c",Polímata - Flagship,ppc
eebb169c-a8ef-4a6e-ae09-e4ee28032f3a,Jacaranda caroba A.DC.,tree-planted,765,App\Models\V2\Projects\Project,"1673d710-ea25-46e0-b793-d0afbd54d00c",Polímata - Flagship,ppc
"86265c71-aa3e-42e1-b2eb-b11bdba725d2",Joannesia princeps Vell.,tree-planted,765,App\Models\V2\Projects\Project,"1673d710-ea25-46e0-b793-d0afbd54d00c",Polímata - Flagship,ppc
adb43c71-d6c7-4ee8-bba2-0ff38ce35030,Lafoensia pacari A.St.-Hil,tree-planted,765,App\Models\V2\Projects\Project,"1673d710-ea25-46e0-b793-d0afbd54d00c",Polímata - Flagship,ppc
"88ebe0fb-dd69-4268-9f09-cac87489f332",Maclura tinctoria (L.) D.Don ex Steud.,tree-planted,765,App\Models\V2\Projects\Project,"1673d710-ea25-46e0-b793-d0afbd54d00c",Polímata - Flagship,ppc
e7023e91-2e4a-4e78-b995-c745c219336a,Forestry Plant-Neem,tree-planted,774,App\Models\V2\Projects\Project,cea58980-ed48-4b17-a534-9dc34ddb675c,HOLISTIC ACTIONS ON RESTORING INDIGENOUS TOPOGRAPHY (HARIT),hbf
b963ebaf-c1b3-4b23-b3ae-2880fddd1e21,Forestry Plant- Teak,tree-planted,774,App\Models\V2\Projects\Project,cea58980-ed48-4b17-a534-9dc34ddb675c,HOLISTIC ACTIONS ON RESTORING INDIGENOUS TOPOGRAPHY (HARIT),hbf
"91d1e174-abb2-4b07-beee-22945c504c7b",Forestry Plant-Karanj,tree-planted,774,App\Models\V2\Projects\Project,cea58980-ed48-4b17-a534-9dc34ddb675c,HOLISTIC ACTIONS ON RESTORING INDIGENOUS TOPOGRAPHY (HARIT),hbf
"8b3bb52b-96a7-46c5-bbd8-f795d768926c",Forestry Plant- drumstick,tree-planted,774,App\Models\V2\Projects\Project,cea58980-ed48-4b17-a534-9dc34ddb675c,HOLISTIC ACTIONS ON RESTORING INDIGENOUS TOPOGRAPHY (HARIT),hbf
"0110ee18-e5fc-486c-8fcc-d9e7fa8542e6",Forestry Plants- Badam,tree-planted,774,App\Models\V2\Projects\Project,cea58980-ed48-4b17-a534-9dc34ddb675c,HOLISTIC ACTIONS ON RESTORING INDIGENOUS TOPOGRAPHY (HARIT),hbf
"25fc1185-7924-44af-a7ed-59560328fe38",Forestry Plants- Amla,tree-planted,774,App\Models\V2\Projects\Project,cea58980-ed48-4b17-a534-9dc34ddb675c,HOLISTIC ACTIONS ON RESTORING INDIGENOUS TOPOGRAPHY (HARIT),hbf
"446676e9-5d2d-45bd-afe2-776d68e32416",Forestry Plants- Jamun,tree-planted,774,App\Models\V2\Projects\Project,cea58980-ed48-4b17-a534-9dc34ddb675c,HOLISTIC ACTIONS ON RESTORING INDIGENOUS TOPOGRAPHY (HARIT),hbf
"79954726-a78a-49e2-831c-c4795488fd33",Forestry Plants- Mango (Desi),tree-planted,774,App\Models\V2\Projects\Project,cea58980-ed48-4b17-a534-9dc34ddb675c,HOLISTIC ACTIONS ON RESTORING INDIGENOUS TOPOGRAPHY (HARIT),hbf
"8fd29022-89dd-444a-bc41-5298684165bc",Forestry Plants- Nimbu,tree-planted,774,App\Models\V2\Projects\Project,cea58980-ed48-4b17-a534-9dc34ddb675c,HOLISTIC ACTIONS ON RESTORING INDIGENOUS TOPOGRAPHY (HARIT),hbf
fe74c734-2301-46e8-b38c-b070176c90b4,Forestry Plants- Guava,tree-planted,774,App\Models\V2\Projects\Project,cea58980-ed48-4b17-a534-9dc34ddb675c,HOLISTIC ACTIONS ON RESTORING INDIGENOUS TOPOGRAPHY (HARIT),hbf
"71db7056-a038-4950-a99a-6209ff42b258",Forestry Plants- Jack fruit,tree-planted,774,App\Models\V2\Projects\Project,cea58980-ed48-4b17-a534-9dc34ddb675c,HOLISTIC ACTIONS ON RESTORING INDIGENOUS TOPOGRAPHY (HARIT),hbf
e5f00182-f8c3-42e3-baa7-f8b086174663,Forestry Plants- Custerd apple,tree-planted,774,App\Models\V2\Projects\Project,cea58980-ed48-4b17-a534-9dc34ddb675c,HOLISTIC ACTIONS ON RESTORING INDIGENOUS TOPOGRAPHY (HARIT),hbf
"5a2510d9-fd4d-4ae8-9e2f-d5eaf301a647",Forestry Plants- Siamea Cassia,tree-planted,774,App\Models\V2\Projects\Project,cea58980-ed48-4b17-a534-9dc34ddb675c,HOLISTIC ACTIONS ON RESTORING INDIGENOUS TOPOGRAPHY (HARIT),hbf
"3d3dc832-7d62-4c27-84d2-8679091a9b09",Forestry Plants-Anar,tree-planted,774,App\Models\V2\Projects\Project,cea58980-ed48-4b17-a534-9dc34ddb675c,HOLISTIC ACTIONS ON RESTORING INDIGENOUS TOPOGRAPHY (HARIT),hbf
"5996d10c-ca5e-470a-9f8c-e9c45cae824b",Custered apple (hybrid/ grafted),tree-planted,774,App\Models\V2\Projects\Project,cea58980-ed48-4b17-a534-9dc34ddb675c,HOLISTIC ACTIONS ON RESTORING INDIGENOUS TOPOGRAPHY (HARIT),hbf
aa4f9d53-0e90-4184-8e95-5704af1f4a91,Guava (hybrid/ grafted),tree-planted,774,App\Models\V2\Projects\Project,cea58980-ed48-4b17-a534-9dc34ddb675c,HOLISTIC ACTIONS ON RESTORING INDIGENOUS TOPOGRAPHY (HARIT),hbf
"509e4d72-a0c7-47e2-a168-6961c05ba1cf",Jack fruit  (hybrid/ grafted),tree-planted,774,App\Models\V2\Projects\Project,cea58980-ed48-4b17-a534-9dc34ddb675c,HOLISTIC ACTIONS ON RESTORING INDIGENOUS TOPOGRAPHY (HARIT),hbf
"4443ae02-1b82-4148-af80-71f545dddb51",Mango (hybrid/ grafted),tree-planted,774,App\Models\V2\Projects\Project,cea58980-ed48-4b17-a534-9dc34ddb675c,HOLISTIC ACTIONS ON RESTORING INDIGENOUS TOPOGRAPHY (HARIT),hbf
"4a5e7229-3ea0-433e-94ce-15d9945071d1",Anar (hybrid/ grafted),tree-planted,774,App\Models\V2\Projects\Project,cea58980-ed48-4b17-a534-9dc34ddb675c,HOLISTIC ACTIONS ON RESTORING INDIGENOUS TOPOGRAPHY (HARIT),hbf
"92c6375f-80a3-4d62-95de-bf70142efc37",Chiku (hybrid/ grafted),tree-planted,774,App\Models\V2\Projects\Project,cea58980-ed48-4b17-a534-9dc34ddb675c,HOLISTIC ACTIONS ON RESTORING INDIGENOUS TOPOGRAPHY (HARIT),hbf
d842ff67-7082-4c7d-88eb-96f78b64200f,Jamun (hybrid/ grafted),tree-planted,774,App\Models\V2\Projects\Project,cea58980-ed48-4b17-a534-9dc34ddb675c,HOLISTIC ACTIONS ON RESTORING INDIGENOUS TOPOGRAPHY (HARIT),hbf
"1e0b29e9-ee3a-41cc-9b22-992be75eb92f",Forestry Plant-Neem (ANR),tree-planted,774,App\Models\V2\Projects\Project,cea58980-ed48-4b17-a534-9dc34ddb675c,HOLISTIC ACTIONS ON RESTORING INDIGENOUS TOPOGRAPHY (HARIT),hbf
"8431d109-4aa5-4a98-b75b-a97d123abd91",Forestry Plant-Custered apple (ANR),tree-planted,774,App\Models\V2\Projects\Project,cea58980-ed48-4b17-a534-9dc34ddb675c,HOLISTIC ACTIONS ON RESTORING INDIGENOUS TOPOGRAPHY (HARIT),hbf
fd6fc524-50ec-4290-a260-b03f1711273d,Forestry Plant- Teak (ANR),tree-planted,774,App\Models\V2\Projects\Project,cea58980-ed48-4b17-a534-9dc34ddb675c,HOLISTIC ACTIONS ON RESTORING INDIGENOUS TOPOGRAPHY (HARIT),hbf
"84ad26eb-4b84-4ab6-819e-d0284f679319",Mahua,tree-planted,777,App\Models\V2\Projects\Project,ca73dc04-c819-4bd8-957b-3874d7cfdcbc,"Landscape restoration and livelihood promotion with 2,177 households covering a population of 10,289 persons of PVTGs and other tribal communities of Bodla Block of Kawardha District, Chhattisgarh",hbf
f56cdcee-68f6-4a47-affa-4faff3e2a9bc,Khamhar,tree-planted,777,App\Models\V2\Projects\Project,ca73dc04-c819-4bd8-957b-3874d7cfdcbc,"Landscape restoration and livelihood promotion with 2,177 households covering a population of 10,289 persons of PVTGs and other tribal communities of Bodla Block of Kawardha District, Chhattisgarh",hbf
"0b5b0c26-3361-463c-a755-306a563cfd22",Bamboo,tree-planted,777,App\Models\V2\Projects\Project,ca73dc04-c819-4bd8-957b-3874d7cfdcbc,"Landscape restoration and livelihood promotion with 2,177 households covering a population of 10,289 persons of PVTGs and other tribal communities of Bodla Block of Kawardha District, Chhattisgarh",hbf
cb69aec3-dae8-4308-b241-6e00910cad86,Gataran,tree-planted,777,App\Models\V2\Projects\Project,ca73dc04-c819-4bd8-957b-3874d7cfdcbc,"Landscape restoration and livelihood promotion with 2,177 households covering a population of 10,289 persons of PVTGs and other tribal communities of Bodla Block of Kawardha District, Chhattisgarh",hbf
"6c7a7c97-151a-44f4-9373-52683193bea2",Karonda,tree-planted,777,App\Models\V2\Projects\Project,ca73dc04-c819-4bd8-957b-3874d7cfdcbc,"Landscape restoration and livelihood promotion with 2,177 households covering a population of 10,289 persons of PVTGs and other tribal communities of Bodla Block of Kawardha District, Chhattisgarh",hbf
"81883500-7952-41c1-84a6-a0be04b202d5",Amla,tree-planted,777,App\Models\V2\Projects\Project,ca73dc04-c819-4bd8-957b-3874d7cfdcbc,"Landscape restoration and livelihood promotion with 2,177 households covering a population of 10,289 persons of PVTGs and other tribal communities of Bodla Block of Kawardha District, Chhattisgarh",hbf
"38b5e03a-eea8-4cad-b5c3-1090b7d8dceb",Mango,tree-planted,777,App\Models\V2\Projects\Project,ca73dc04-c819-4bd8-957b-3874d7cfdcbc,"Landscape restoration and livelihood promotion with 2,177 households covering a population of 10,289 persons of PVTGs and other tribal communities of Bodla Block of Kawardha District, Chhattisgarh",hbf
d7c88dcc-9ac1-4cfa-ac1d-a4f6d9dd7c9c,Guava,tree-planted,777,App\Models\V2\Projects\Project,ca73dc04-c819-4bd8-957b-3874d7cfdcbc,"Landscape restoration and livelihood promotion with 2,177 households covering a population of 10,289 persons of PVTGs and other tribal communities of Bodla Block of Kawardha District, Chhattisgarh",hbf
"58f68fcf-2727-4bda-bcbc-95e5f0774bda",Lemon,tree-planted,777,App\Models\V2\Projects\Project,ca73dc04-c819-4bd8-957b-3874d7cfdcbc,"Landscape restoration and livelihood promotion with 2,177 households covering a population of 10,289 persons of PVTGs and other tribal communities of Bodla Block of Kawardha District, Chhattisgarh",hbf
"5d978398-9ad8-466a-8951-45e34296b6cb",Jamun,tree-planted,777,App\Models\V2\Projects\Project,ca73dc04-c819-4bd8-957b-3874d7cfdcbc,"Landscape restoration and livelihood promotion with 2,177 households covering a population of 10,289 persons of PVTGs and other tribal communities of Bodla Block of Kawardha District, Chhattisgarh",hbf
"25f59ef2-3dd9-4e01-aa43-b08b49a29daa",Mango (Mangifera indica),tree-planted,780,App\Models\V2\Projects\Project,"27b0c904-7f3d-4b92-8975-ae8082274a02",Restoring Landscape for Livelihood Security of Communities,hbf
"0aac5ca9-0d75-4bb8-9533-f5e6d43d335e",Cashew (Ancardium occidentale),tree-planted,780,App\Models\V2\Projects\Project,"27b0c904-7f3d-4b92-8975-ae8082274a02",Restoring Landscape for Livelihood Security of Communities,hbf
"0e57b5a4-952b-4716-92ad-4a41c7a001d1",forest species,tree-planted,780,App\Models\V2\Projects\Project,"27b0c904-7f3d-4b92-8975-ae8082274a02",Restoring Landscape for Livelihood Security of Communities,hbf
"33874354-e0ec-46eb-bdb5-96b1d1d26daf",Mango,tree-planted,785,App\Models\V2\Projects\Project,"411aa7a6-38ac-42ac-adf7-8e5aa22faae0",Mahi River Revival: Rehabilitation of Mahi river upper catchment area at the place of its origin through Landscape Restoration.,hbf
"3b341827-5ab4-4fb0-a38f-45ef943056d6",Gauva,tree-planted,785,App\Models\V2\Projects\Project,"411aa7a6-38ac-42ac-adf7-8e5aa22faae0",Mahi River Revival: Rehabilitation of Mahi river upper catchment area at the place of its origin through Landscape Restoration.,hbf
"0d1b1707-1eea-4755-a75a-2bb121c4a557",Sheehsam,tree-planted,785,App\Models\V2\Projects\Project,"411aa7a6-38ac-42ac-adf7-8e5aa22faae0",Mahi River Revival: Rehabilitation of Mahi river upper catchment area at the place of its origin through Landscape Restoration.,hbf
cd64790f-77d2-446a-85d0-b31b6c26cda6,Quercus spp.,tree-planted,800,App\Models\V2\Projects\Project,"77ffd3e4-42fa-4e81-a149-6f334ad4b7f6",Restauración del Área Natural Protegida La Sepultura REBISE,ppc
"942c1739-4921-499e-8f9c-891c06ffc547",Cedrela adorate,tree-planted,800,App\Models\V2\Projects\Project,"77ffd3e4-42fa-4e81-a149-6f334ad4b7f6",Restauración del Área Natural Protegida La Sepultura REBISE,ppc
"16bcb116-ffad-4b33-a019-1d8dd5e7ca94",Tabebuia donnel smithii,tree-planted,803,App\Models\V2\Projects\Project,"7f81c17f-4c27-4374-8871-d1eb0de6742b",Restauración del Área Natural Protegida El Triunfo REBITRI,ppc
"6d4607d9-038c-4dbf-a747-acd2c29d0346",Quercus sp,tree-planted,803,App\Models\V2\Projects\Project,"7f81c17f-4c27-4374-8871-d1eb0de6742b",Restauración del Área Natural Protegida El Triunfo REBITRI,ppc
c1915205-b553-4a70-b701-c54ed0e458c1,Tabebuia donnel-smithii,tree-planted,805,App\Models\V2\Projects\Project,"2a1a3f39-d5fe-4601-aef2-3a036c59ae21",Restauración del Área Natural Protegida Selva El Ocote REBISO,ppc
"0b8ba536-8f93-41fb-b1f7-f2f9b185d14a",Quercus sp.,tree-planted,806,App\Models\V2\Projects\Project,"9c125294-6d15-4df8-9026-c643c244d4a9",Restauración del Área Natural Protegida El Volcan Tacaná REBIVTA,ppc
"8034e105-f0aa-4f6d-bcba-ca4acd1f6a03",Inga micheliana,tree-planted,806,App\Models\V2\Projects\Project,"9c125294-6d15-4df8-9026-c643c244d4a9",Restauración del Área Natural Protegida El Volcan Tacaná REBIVTA,ppc
"68aa9f4a-76f3-4d51-8173-3d28f2e9629e",Ocotea sp.,tree-planted,806,App\Models\V2\Projects\Project,"9c125294-6d15-4df8-9026-c643c244d4a9",Restauración del Área Natural Protegida El Volcan Tacaná REBIVTA,ppc
"8d65cb04-5f52-4251-8601-2974a55ec03d",Acacia milleriana,tree-planted,807,App\Models\V2\Projects\Project,"0c9b0b33-94e9-46d3-b8e8-c26bc70e76d7",Restauración del Área de Protección de Recursos Naturales La Frailescana,ppc
eb96b8c8-d61f-4404-a968-61d6307343de,Tabebuia donnell-smithii,tree-planted,807,App\Models\V2\Projects\Project,"0c9b0b33-94e9-46d3-b8e8-c26bc70e76d7",Restauración del Área de Protección de Recursos Naturales La Frailescana,ppc
"41da4728-93be-4204-82a8-fc7e3b9fd1c7",Diospyros digyna,tree-planted,807,App\Models\V2\Projects\Project,"0c9b0b33-94e9-46d3-b8e8-c26bc70e76d7",Restauración del Área de Protección de Recursos Naturales La Frailescana,ppc
f002366b-49af-46d4-b2d9-e21cc7922b3b,Psidium sartorianum,tree-planted,807,App\Models\V2\Projects\Project,"0c9b0b33-94e9-46d3-b8e8-c26bc70e76d7",Restauración del Área de Protección de Recursos Naturales La Frailescana,ppc
"8379cd80-285c-4597-b8c7-55a44af04727",Licania arborea,tree-planted,807,App\Models\V2\Projects\Project,"0c9b0b33-94e9-46d3-b8e8-c26bc70e76d7",Restauración del Área de Protección de Recursos Naturales La Frailescana,ppc
a4830988-2020-4f7a-b0b0-4f9d66f02019,Acacia caven,tree-planted,807,App\Models\V2\Projects\Project,"0c9b0b33-94e9-46d3-b8e8-c26bc70e76d7",Restauración del Área de Protección de Recursos Naturales La Frailescana,ppc
"80b00fc7-0756-48d9-88db-f5efb2b507dd",Acnistus arborescens,tree-planted,840,App\Models\V2\Projects\Project,ebf3e80c-0dac-4aac-97cc-070fd6155966,Cooperativa Canteiros - Flagship,ppc
"5d38dcdb-2e45-4e74-b922-1ff3a2039333",Manilkara bella,tree-planted,840,App\Models\V2\Projects\Project,ebf3e80c-0dac-4aac-97cc-070fd6155966,Cooperativa Canteiros - Flagship,ppc
"4f29bedd-5e5c-4f9b-87b6-358c69376c10",Copaiba Langsdorffii,tree-planted,840,App\Models\V2\Projects\Project,ebf3e80c-0dac-4aac-97cc-070fd6155966,Cooperativa Canteiros - Flagship,ppc
caf061ef-4968-46a9-a2c1-db22ff1ff0b9,Heliocarpus popayanensis,tree-planted,840,App\Models\V2\Projects\Project,ebf3e80c-0dac-4aac-97cc-070fd6155966,Cooperativa Canteiros - Flagship,ppc
ad809948-588d-4cac-8aa4-ca77d42d9980, Swartzia acutifolia ,tree-planted,845,App\Models\V2\Projects\Project,"11547621-c474-4cbd-8ef9-846b7c6f5206",Primaflora - Flagship,ppc
d94304a5-2e68-46ab-9522-a105b08f2694,Ficus ,tree-planted,876,App\Models\V2\Projects\Project,"2528379a-1408-405a-b4ee-49116760bdaf",Restoring Marmanet Forest Ecosystem,enterprises
"7860a24d-4eac-4585-b537-f774dca94063",Erythrina ,tree-planted,876,App\Models\V2\Projects\Project,"2528379a-1408-405a-b4ee-49116760bdaf",Restoring Marmanet Forest Ecosystem,enterprises
"837cbb3b-499b-4cc3-9cfe-77ad38398c41",Theobroma cacao,tree-planted,919,App\Models\V2\Projects\Project,fd46ee20-81d3-48d6-a7f1-cb2f3845a297,"PLANTANDO ÁRVORES, RESTAURANDO VIDAS  NO PA 26 DE MARÇO.",fundo-flora-1
a1d7e06d-c2fa-4225-8900-19bc3d137f08,Mauritia flexuosa L. f.,tree-planted,919,App\Models\V2\Projects\Project,fd46ee20-81d3-48d6-a7f1-cb2f3845a297,"PLANTANDO ÁRVORES, RESTAURANDO VIDAS  NO PA 26 DE MARÇO.",fundo-flora-1
"90596199-283c-412b-99d4-231cc57aff28",Cecropia pachystachya Trécul,tree-planted,919,App\Models\V2\Projects\Project,fd46ee20-81d3-48d6-a7f1-cb2f3845a297,"PLANTANDO ÁRVORES, RESTAURANDO VIDAS  NO PA 26 DE MARÇO.",fundo-flora-1
cdd1bc7f-f25b-42cd-ad47-ce60e1076884,Platonia insignis Mart.,tree-planted,919,App\Models\V2\Projects\Project,fd46ee20-81d3-48d6-a7f1-cb2f3845a297,"PLANTANDO ÁRVORES, RESTAURANDO VIDAS  NO PA 26 DE MARÇO.",fundo-flora-1
"22d62590-3c28-4487-bf9f-a3ad8b1bc971",Moringa oleifera Lam.,tree-planted,919,App\Models\V2\Projects\Project,fd46ee20-81d3-48d6-a7f1-cb2f3845a297,"PLANTANDO ÁRVORES, RESTAURANDO VIDAS  NO PA 26 DE MARÇO.",fundo-flora-1
da9c2595-5909-4962-b857-d76a359afa80,Spondias mombin L.,tree-planted,919,App\Models\V2\Projects\Project,fd46ee20-81d3-48d6-a7f1-cb2f3845a297,"PLANTANDO ÁRVORES, RESTAURANDO VIDAS  NO PA 26 DE MARÇO.",fundo-flora-1
e8ab75ec-44c0-4309-8e85-65e9ed06f79a,Ceiba pentandra (L.) Gaertn.,tree-planted,919,App\Models\V2\Projects\Project,fd46ee20-81d3-48d6-a7f1-cb2f3845a297,"PLANTANDO ÁRVORES, RESTAURANDO VIDAS  NO PA 26 DE MARÇO.",fundo-flora-1
"87f8c1e4-4628-42ac-81ff-9a40e008dff6",Amburana acreana (Ducke) A.C.Sm.,tree-planted,919,App\Models\V2\Projects\Project,fd46ee20-81d3-48d6-a7f1-cb2f3845a297,"PLANTANDO ÁRVORES, RESTAURANDO VIDAS  NO PA 26 DE MARÇO.",fundo-flora-1
e04eda95-319b-4402-a1f8-98a613d482c8,Dipteryx odorata (Aubl.) Willd.,tree-planted,919,App\Models\V2\Projects\Project,fd46ee20-81d3-48d6-a7f1-cb2f3845a297,"PLANTANDO ÁRVORES, RESTAURANDO VIDAS  NO PA 26 DE MARÇO.",fundo-flora-1
"78757531-0004-44b2-80f6-887e4c3ff68d",Copaifera reticulata Ducke,tree-planted,919,App\Models\V2\Projects\Project,fd46ee20-81d3-48d6-a7f1-cb2f3845a297,"PLANTANDO ÁRVORES, RESTAURANDO VIDAS  NO PA 26 DE MARÇO.",fundo-flora-1
"9fd2188e-c5ab-4930-8077-17cd8939ab37",•	Ochroma pyramidale (Pau-de-balsa) ,tree-planted,919,App\Models\V2\Projects\Project,fd46ee20-81d3-48d6-a7f1-cb2f3845a297,"PLANTANDO ÁRVORES, RESTAURANDO VIDAS  NO PA 26 DE MARÇO.",fundo-flora-1
"571d070a-1ccc-4569-ad36-4ae237ddeaa7",Parkia nitida Miq.,tree-planted,919,App\Models\V2\Projects\Project,fd46ee20-81d3-48d6-a7f1-cb2f3845a297,"PLANTANDO ÁRVORES, RESTAURANDO VIDAS  NO PA 26 DE MARÇO.",fundo-flora-1
"332d1d73-6a79-4907-9af5-c3e660781108",Caryocar spp.,tree-planted,919,App\Models\V2\Projects\Project,fd46ee20-81d3-48d6-a7f1-cb2f3845a297,"PLANTANDO ÁRVORES, RESTAURANDO VIDAS  NO PA 26 DE MARÇO.",fundo-flora-1
"47d3fe66-e0c4-4f47-bc9b-6316281a348b",•	Trema micrantha (Candiuva) ,tree-planted,919,App\Models\V2\Projects\Project,fd46ee20-81d3-48d6-a7f1-cb2f3845a297,"PLANTANDO ÁRVORES, RESTAURANDO VIDAS  NO PA 26 DE MARÇO.",fundo-flora-1
cafc4e15-839c-43f4-ad79-b2027e8a5fb0,Ochroma pyramidale (Cav. ex Lam.) Urb.,tree-planted,919,App\Models\V2\Projects\Project,fd46ee20-81d3-48d6-a7f1-cb2f3845a297,"PLANTANDO ÁRVORES, RESTAURANDO VIDAS  NO PA 26 DE MARÇO.",fundo-flora-1
"052896b1-75da-4a0a-abbc-a39a57b46369",Musa spp,tree-planted,920,App\Models\V2\Projects\Project,"27f7e739-89a2-4fb7-b279-258e0e6bbd6b",Restaura Castanhal – Mulheres e Jovens Unidos na Restauração Florestal Amazônica,fundo-flora-1
b8fb8d08-90d9-415d-8acf-b9ec1f22f8d9,Lista segue anexa na Etapa 8,tree-planted,921,App\Models\V2\Projects\Project,"2170d52b-f12a-457d-935e-97c9a9ba9c7b",Viveiro de Mudas Nativas de Parauapebas,fundo-flora-1
babe2108-3d62-4965-8560-cc8b35fee0d4,Não se Aplica,tree-planted,921,App\Models\V2\Projects\Project,"2170d52b-f12a-457d-935e-97c9a9ba9c7b",Viveiro de Mudas Nativas de Parauapebas,fundo-flora-1
e378faa0-5607-402c-a135-5dd34baf88db,Hymeneae courbaril,tree-planted,922,App\Models\V2\Projects\Project,"09dceead-8b34-455b-ae94-9c9c3be0d3bb",Rede Saf's: Sustentabilidade e Agroflorestas,fundo-flora-1
"76e3465c-65c9-4549-9c70-68d65544592b",pouteria spp,tree-planted,922,App\Models\V2\Projects\Project,"09dceead-8b34-455b-ae94-9c9c3be0d3bb",Rede Saf's: Sustentabilidade e Agroflorestas,fundo-flora-1
"7410edff-2eaa-4e33-acb9-a6c846b67616",N/A,tree-planted,929,App\Models\V2\Projects\Project,"0f8df0f7-404c-4b7d-a3cc-c7100c869890",Exotic EPZ October 2024,enterprises
